customer_id,customer_name,email,registration_date,customer_type
1,Brian Yang,johnsonjoshua@example.org,2025-03-07 02:25:00,REGULAR
2,Lance Hoffman,fjohnson@example.org,2025-09-10 02:08:00,PREMIUM
3,Abigail Shaffer,lrobinson@example.com,2025-08-21 11:55:00,REGULAR
4,Brent Abbott,joshua35@example.org,2025-05-10 01:07:00,REGULAR
5,Edward Fuller,blairamanda@example.com,2026-03-14 17:44:00,PREMIUM
6,Dylan Miller,barbara10@example.net,2024-03-29 14:31:00,REGULAR
7,Unknown,jamesshawn@example.com,2024-01-12 18:07:00,PREMIUM
8,Kimberly Sanchez,jason41@example.net,2024-12-06 00:57:00,REGULAR
9,Randy Brown,veronica83@example.net,2026-01-03 23:56:00,REGULAR
10,Emily Rios,richard13@example.net,2024-09-24 00:48:00,PREMIUM
11,Kimberly Burgess,ithomas@example.org,2024-10-29 23:24:00,REGULAR
12,Peter Callahan Jr.,icox@example.net,2024-01-09 19:51:00,REGULAR
13,Julie King,ycarlson@example.com,2025-03-15 17:06:00,PREMIUM
14,Patricia Peterson,frazierdanny@example.net,2024-06-04 03:01:00,REGULAR
15,Jonathan White,shawnmckay@example.net,2026-04-13 12:23:00,REGULAR
16,Phillip Ryan,meagan89@example.org,2025-11-17 16:31:00,REGULAR
17,Sherry Decker,georgetracy@example.org,2024-06-19 11:33:00,REGULAR
18,John Jones,allenashley@example.org,2025-10-28 22:32:00,VIP
19,Joseph Obrien,davidalvarez@example.net,2026-06-09 04:53:00,REGULAR
20,Jessica Holmes,jenniferross@example.net,2023-11-28 02:50:00,REGULAR
21,Daniel Jones,calebsmith@example.net,2025-06-09 01:03:00,REGULAR
22,David Caldwell,carlosjohnson@example.com,2024-03-09 06:36:00,PREMIUM
23,Richard Aguirre,jenniferkhan@example.net,2024-02-12 04:01:00,REGULAR
24,Nicholas Nunez,hopkinsmichael@example.com,2026-06-30 21:38:00,VIP
25,Connor West,brownjessica@example.org,2024-10-22 19:06:00,PREMIUM
26,Matthew Fernandez,steven17@example.net,2023-08-03 16:51:00,REGULAR
27,John Hancock,housemelinda@example.org,2026-04-02 08:33:00,REGULAR
28,Rachel Mitchell,nicholasgalloway@example.com,2025-08-19 19:13:00,PREMIUM
29,Lauren Daniels,smoore@example.org,2025-10-15 02:29:00,VIP
30,Tyler Miller,williamsthomas@example.net,2024-02-07 03:27:00,REGULAR
31,Laura Riley,leonardjoe@example.org,2023-08-31 01:51:00,PREMIUM
32,Dean Santiago,barnesbrandy@example.net,2024-06-26 18:56:00,REGULAR
33,Taylor Smith,randy47@example.com,2025-05-29 03:33:00,VIP
34,Gregory Jones,jonesjason@example.com,2024-04-11 04:46:00,PREMIUM
35,Dr. Kendra Contreras,eric84@example.net,2025-03-17 05:17:00,REGULAR
36,Natalie Moore,mcmillandennis@example.org,2024-05-22 06:11:00,REGULAR
37,Kathy King,jenniferharris@example.net,2026-04-08 14:52:00,PREMIUM
38,Gavin Anderson,davisrodney@example.com,2026-06-26 02:47:00,REGULAR
39,Ashley Landry,joycearnold@example.com,2025-08-13 16:42:00,REGULAR
40,Jessica Williams,amydavenport@example.net,2024-08-21 02:06:00,REGULAR
41,Heather Castro,nolanjason@example.org,2026-03-02 23:19:00,PREMIUM
42,Unknown,sarayoung@example.org,2026-06-22 04:19:00,REGULAR
43,Rachel Jenkins,nicolejohnsonexample.net,2025-07-21 13:30:00,PREMIUM
44,Andrew Ruiz,josephcobb@example.org,2024-02-22 04:59:00,REGULAR
45,Matthew Ross,ybailey@example.org,2024-05-18 19:16:00,REGULAR
46,Meghan Anthony,rasmussenjoshua@example.net,2024-07-15 09:06:00,PREMIUM
47,Victoria Johnson,wilsontara@example.org,2025-05-02 04:58:00,REGULAR
48,Mrs. Stephanie Lee,jessica56@example.net,2023-09-05 04:00:00,PREMIUM
49,Teresa Mclaughlin,zsmith@example.net,2024-02-19 10:15:00,REGULAR
50,Mary Martinez,qjones@example.com,2026-03-30 17:32:00,REGULAR
51,Cameron Fisher,elizabeth56@example.net,2026-05-13 21:46:00,REGULAR
52,Elizabeth Clark,christinaturner@example.net,2025-11-25 12:05:00,REGULAR
53,Steven Flynn,steven73@example.net,2024-01-20 11:11:00,REGULAR
54,Robert Potter,campbellelizabeth@example.net,2025-07-24 17:27:00,PREMIUM
55,John Atkinson,lindsayhernandez@example.org,2023-10-06 07:56:00,PREMIUM
56,Janet Ross,kmercado@example.org,2023-12-27 05:29:00,PREMIUM
57,Colleen Brock,staffordmichelle@example.org,2025-08-19 01:21:00,VIP
58,Robert Contreras,pwilliams@example.org,2026-07-04 23:39:00,PREMIUM
59,Jessica Meadows,stephanie79@example.net,2024-11-18 03:04:00,REGULAR
60,Sara Ramirez,juliawells@example.com,2025-11-16 15:29:00,REGULAR
61,Dustin Nelson,rsims@example.com,2024-07-02 20:15:00,VIP
62,Daniel Perry,taylorjesse@example.net,2024-07-15 02:02:00,REGULAR
63,Randy Shah,nperry@example.com,2023-08-08 22:24:00,REGULAR
64,Sarah Ashley,wwoods@example.com,2024-10-19 15:53:00,REGULAR
65,George Shelton,tracynelson@example.com,2024-10-03 13:11:00,REGULAR
66,Susan Vargas,marycalhoun@example.net,2025-07-13 23:51:00,REGULAR
67,David Murphy,dayderek@example.com,2024-11-27 18:07:00,VIP
68,Bradley Smith,kathleen64@example.com,2025-02-28 14:01:00,REGULAR
69,Christina Smith,jeffrey10@example.org,2024-01-01 12:00:00,REGULAR
70,David Wood,thomaswilson@example.org,2025-05-12 10:05:00,VIP
71,Alexander Collins,stricklandfrank@example.com,2025-07-29 17:09:00,REGULAR
72,Michael Burton,tsanders@example.org,2023-11-07 04:29:00,VIP
73,Hannah Patterson,melissa91@example.net,2024-08-27 13:46:00,REGULAR
74,Jack Snow,alexander67@example.org,2024-12-03 06:39:00,REGULAR
75,Robert Medina,ryangross@example.net,2024-12-29 07:26:00,REGULAR
76,David Michael,lpetersen@example.com,2024-05-19 03:49:00,PREMIUM
77,Jamie Johnson,dsanchez@example.net,2026-02-04 22:30:00,REGULAR
78,Spencer Haynes,tonykelly@example.com,2024-05-16 05:52:00,PREMIUM
79,Katherine Chang,blackjames@example.org,2025-08-13 05:54:00,PREMIUM
80,Jared Sanchez,bwest@example.org,2025-07-15 01:06:00,PREMIUM
81,Krista Bell MD,thomas85@example.com,2024-06-18 12:06:00,REGULAR
82,Tiffany Vaughn,davidlee@example.org,2024-02-13 09:46:00,PREMIUM
83,Veronica Wall,lhill@example.net,2024-06-07 03:14:00,PREMIUM
84,William Tran,harry08@example.org,2025-08-20 16:56:00,PREMIUM
85,Laura Harrison,danamullins@example.org,2024-11-12 03:53:00,VIP
86,Austin Vasquez,tammyking@example.com,2025-04-10 18:51:00,REGULAR
87,David Grant,hernandezlisa@example.com,2024-10-16 13:00:00,PREMIUM
88,Kevin Patterson,kimberlyjames@example.com,2025-04-01 14:10:00,REGULAR
89,Deborah Miller,lynchjody@example.org,2024-04-06 08:34:00,PREMIUM
90,Doris Hall,moorericky@example.net,2025-08-31 03:46:00,REGULAR
91,Lori Guerrero,ojones@example.com,2026-05-06 13:42:00,PREMIUM
92,Derek Thomas,owilson@example.net,2023-09-21 21:05:00,REGULAR
93,Michael Lyons,brooke94@example.com,2026-05-16 10:35:00,REGULAR
94,Morgan Munoz,mkim@example.org,2023-08-15 20:56:00,REGULAR
95,Alicia Hubbard,suzannehuff@example.net,2026-01-03 13:54:00,REGULAR
96,Sydney White,hinesgregory@example.net,2025-04-19 21:20:00,REGULAR
97,Frank Garcia,ecosta@example.com,2024-01-10 18:01:00,REGULAR
98,Robin Pierce,ssteele@example.net,2024-11-27 21:26:00,REGULAR
99,April Booth,johnny16@example.net,2024-12-05 17:29:00,REGULAR
100,Olivia Harris,lopezmichaelexample.com,2025-03-11 07:44:00,PREMIUM
101,Lisa Allen,samuel71@example.org,2024-01-08 01:40:00,PREMIUM
102,Bruce Collier,tranchristopher@example.org,2025-01-14 14:41:00,REGULAR
103,Mrs. Kristen Reyes,william46@example.com,2026-04-23 15:23:00,PREMIUM
104,Richard Adams,michellehill@example.com,2023-07-21 08:13:00,REGULAR
105,John Cook,mary97@example.org,2025-10-31 10:14:00,PREMIUM
106,Mrs. Janet Chase,ugibson@example.org,2024-10-10 15:01:00,PREMIUM
107,Marissa Hernandez,julie66@example.net,2026-06-09 17:01:00,PREMIUM
108,Jessica Fox,waynelawrence@example.org,2024-11-30 04:43:00,PREMIUM
109,Richard Baker,robertpena@example.org,2025-05-31 10:47:00,REGULAR
110,Jamie Stewart,vsantos@example.net,2025-09-13 01:04:00,PREMIUM
111,Mark Mccall,cbrennan@example.net,2026-07-15 10:21:00,PREMIUM
112,Ashlee Jackson,hamiltoncorey@example.net,2024-06-10 15:54:00,PREMIUM
113,Jeffrey Sanchez,williamslaura@example.com,2024-10-12 00:36:00,REGULAR
114,Cynthia Durham,georgemiller@example.com,2023-12-22 08:22:00,REGULAR
115,Stephanie Marshall,dlittle@example.com,2024-05-28 16:41:00,REGULAR
116,Victor Vaughn,charleslandry@example.net,2024-11-30 02:18:00,REGULAR
117,Kenneth Andrews,james67@example.org,2026-07-10 05:51:00,VIP
118,Melissa Garner,andrew64@example.org,2023-09-10 06:29:00,REGULAR
119,Heather Fields,swall@example.org,2025-05-28 20:30:00,VIP
120,Richard Johnson,courtneyberger@example.net,2024-08-21 07:37:00,REGULAR
121,Curtis Buchanan,christopherphillips@example.net,2026-03-04 21:17:00,PREMIUM
122,Terry Coffey,alyssa42@example.com,2024-06-05 22:10:00,REGULAR
123,Courtney Rhodes,linda71@example.org,2025-07-26 11:48:00,REGULAR
124,Richard Smith,zcoffey@example.net,2025-02-25 11:09:00,PREMIUM
125,James Little,vrichardson@example.net,2024-08-28 13:30:00,REGULAR
126,Leonard Holland,thomasharvey@example.net,2025-06-13 18:09:00,REGULAR
127,Charles Shah,tblankenship@example.net,2024-06-16 00:43:00,PREMIUM
128,Jesse Santiago,pwilson@example.net,2025-10-09 19:19:00,REGULAR
129,Mary Bass,umatthews@example.org,2025-05-23 02:44:00,REGULAR
130,David Cox,antonio53@example.com,2026-06-27 08:29:00,PREMIUM
131,Walter Rush,amy50@example.com,2026-01-06 14:44:00,REGULAR
132,Unknown,batesdarlene@example.net,2026-06-16 13:52:00,REGULAR
133,Christine Gallegos,buchananjohn@example.org,2025-03-16 18:55:00,PREMIUM
134,Linda Ramirez,lisahall@example.org,2026-06-30 18:01:00,REGULAR
135,Allison Smith,amberlindsey@example.org,2025-11-30 03:12:00,PREMIUM
136,Patrick Fox,briannasmith@example.com,2025-10-12 13:44:00,REGULAR
137,Jodi Walker,xwest@example.net,2025-05-22 12:24:00,PREMIUM
138,Jessica Rodriguez,stephen00@example.com,2025-09-06 02:58:00,REGULAR
139,Ana Hill,fjones@example.com,2025-06-11 04:57:00,REGULAR
140,Larry Garcia,oscar98@example.com,2025-08-25 11:39:00,REGULAR
141,Jesse Perry,russellbeasley@example.com,2023-10-30 17:15:00,REGULAR
142,Melissa Wells,qedwards@example.com,2023-10-26 11:43:00,REGULAR
143,Unknown,daviscolin@example.net,2024-08-29 20:21:00,PREMIUM
144,Meagan Jenkins,angelawillis@example.net,2026-03-01 18:15:00,REGULAR
145,Lindsay Bell,uparrish@example.org,2025-04-11 18:27:00,REGULAR
146,Justin Wilson,ericolson@example.org,2024-05-18 18:21:00,PREMIUM
147,Maria Johnson,lindsaybruce@example.net,2026-05-01 13:09:00,PREMIUM
148,Christopher Thomas,anthony44@example.com,2025-07-07 19:08:00,VIP
149,Joseph Bennett,thomascynthia@example.org,2024-11-26 14:24:00,PREMIUM
150,Sophia Moore,mitchellgriffith@example.net,2025-10-22 04:22:00,REGULAR
151,Lawrence Perry,craigjoseph@example.net,2024-03-10 17:38:00,REGULAR
152,Katelyn Estrada,reeddaniel@example.net,2023-09-06 07:07:00,PREMIUM
153,Tony Saunders,djoyce@example.org,2025-11-01 20:07:00,PREMIUM
154,Carl Patel,mark07@example.net,2024-03-26 16:03:00,REGULAR
155,Blake Edwards,charles06@example.org,2024-10-30 21:46:00,REGULAR
156,Alex Nguyen,amckinney@example.com,2025-12-12 13:21:00,PREMIUM
157,Brian Graham,xcollier@example.org,2024-09-29 07:30:00,REGULAR
158,Richard Jones,fosterkyle@example.com,2025-06-11 08:51:00,REGULAR
159,Maria Hernandez,rebeccabailey@example.net,2023-11-08 04:14:00,REGULAR
160,Trevor Burton,james92@example.net,2024-12-07 21:28:00,PREMIUM
161,Unknown,kmaldonado@example.net,2025-06-13 15:23:00,REGULAR
162,Jeremy Turner,michelle52@example.com,2024-05-14 11:56:00,VIP
163,Anthony Decker,bellcharles@example.com,2023-10-10 14:34:00,REGULAR
164,Tiffany Stevenson,gilbertwilliam@example.com,2023-09-01 11:33:00,REGULAR
165,Joanna Shepherd,marcalvarez@example.org,2026-01-21 01:30:00,REGULAR
166,Wendy Warren,wagnergerald@example.org,2025-05-16 16:59:00,REGULAR
167,Meghan Williams,nathan46@example.com,2025-06-08 19:21:00,PREMIUM
168,David York,cameron18@example.net,2026-06-09 06:07:00,REGULAR
169,Emily Douglas,mathewaguilar@example.org,2025-07-13 01:07:00,REGULAR
170,Maria Murphy,brookehurley@example.com,2023-12-05 13:23:00,REGULAR
171,Eric Bean,lucasrodney@example.com,2024-07-26 23:23:00,PREMIUM
172,Ryan Garcia,ilee@example.org,2025-11-09 04:40:00,PREMIUM
173,James Martin,stanleynancy@example.net,2026-01-14 10:52:00,REGULAR
174,Cynthia Wallace,jenniferwilliams@example.com,2024-05-25 17:35:00,REGULAR
175,Rachel Mckee,pyoung@example.com,2024-02-16 02:51:00,PREMIUM
176,Jennifer Martin,smurray@example.com,2024-02-22 08:16:00,REGULAR
177,Kristen Garcia,moniquewilliams@example.com,2026-01-30 09:25:00,REGULAR
178,Jose Guerra,mitchellkathryn@example.com,2023-10-27 00:34:00,REGULAR
179,James Brooks,lisawilkerson@example.org,2024-09-13 15:53:00,REGULAR
180,Marie Moody,brooksanthony@example.org,2023-12-16 07:15:00,REGULAR
181,Luis Bullock,samantha72@example.net,2023-08-08 08:30:00,REGULAR
182,Jenny Parsons,marydunn@example.net,2024-04-03 22:03:00,PREMIUM
183,Brian Stein,williamsrobert@example.net,2025-05-02 09:22:00,PREMIUM
184,Jeffrey Mendez,chenbailey@example.net,2024-04-07 02:57:00,PREMIUM
185,Heather Ashley,qlopez@example.org,2025-03-05 16:38:00,PREMIUM
186,James Burgess,myerstheodore@example.net,2024-08-12 19:21:00,VIP
187,Kevin Sherman,cooperjessica@example.net,2023-12-11 17:04:00,REGULAR
188,Clarence Taylor,amy27@example.net,2025-09-10 02:48:00,REGULAR
189,Stacey Stewart,mjohnson@example.org,2024-06-22 06:55:00,REGULAR
190,Paul Lee,ihays@example.com,2024-08-12 16:12:00,PREMIUM
191,Jessica Ross,glennmartin@example.org,2024-11-11 08:38:00,PREMIUM
192,Holly Salinas,lmorgan@example.com,2024-05-05 18:47:00,PREMIUM
193,Catherine Carter MD,acostachristian@example.net,2024-07-11 20:10:00,REGULAR
194,Heather Williams,kirk96@example.org,2026-02-25 20:22:00,PREMIUM
195,Theresa Jones,christina64@example.net,2025-06-16 01:36:00,PREMIUM
196,Megan Kim,william20@example.org,2023-12-03 20:16:00,PREMIUM
197,Amanda Hernandez,kimberlydiaz@example.com,2024-11-22 12:30:00,PREMIUM
198,Jennifer Banks,nathan19@example.org,2024-04-17 00:52:00,PREMIUM
199,Justin Green,johnsonjacob@example.net,2024-04-28 17:40:00,PREMIUM
200,Yvonne Gonzalez,nlewis@example.com,2023-12-14 06:03:00,VIP
201,Rita Ponce DVM,hayesrachel@example.com,2025-07-19 07:08:00,REGULAR
202,Michelle Ho,piercekelly@example.com,2025-06-16 06:32:00,PREMIUM
203,Johnny Ward,william13@example.org,2025-04-05 14:06:00,REGULAR
204,Angelica Parker,jlara@example.org,2026-07-17 19:23:00,REGULAR
205,Angela Compton,xfox@example.com,2025-06-21 08:31:00,REGULAR
206,Ronald Arnold,howens@example.com,2025-04-22 13:56:00,REGULAR
207,Kelly Torres,ryanbartlett@example.org,2024-01-12 00:03:00,REGULAR
208,Danielle Reid,michaeleverett@example.com,2025-03-13 02:23:00,REGULAR
209,Caroline David,colleenmendez@example.org,2024-01-03 11:39:00,REGULAR
210,Travis Wise,megan90@example.org,2024-05-03 12:29:00,PREMIUM
211,Stephen Gardner,katiebutler@example.net,2025-06-20 21:10:00,REGULAR
212,Anthony Gonzales,timothy64@example.com,2024-12-30 03:15:00,REGULAR
213,William Reed,matthewthomas@example.net,2024-09-27 09:55:00,REGULAR
214,Derek Wright,zachary15@example.org,2023-11-01 14:38:00,REGULAR
215,Stephanie Li,sonia96@example.org,2026-05-06 15:53:00,PREMIUM
216,Shawn Jimenez,james27@example.net,2023-10-25 04:48:00,REGULAR
217,Amber Campbell,pwagner@example.org,2025-05-03 05:53:00,REGULAR
218,Stephen Luna,amitchell@example.org,2025-11-01 12:07:00,REGULAR
219,Juan Jones,brandon09@example.net,2025-01-21 01:18:00,REGULAR
220,Brent Brooks,marcia99@example.org,2026-07-03 18:35:00,REGULAR
221,Andrew Williams,kari39@example.net,2025-09-07 10:17:00,VIP
222,Brenda Velazquez,jstone@example.net,2024-07-01 13:14:00,PREMIUM
223,Katie Hicks,vewing@example.com,2025-01-05 06:24:00,REGULAR
224,Veronica Silva,thomas05@example.com,2025-12-07 13:14:00,PREMIUM
225,Paula Lane,carlsonjoseph@example.net,2025-09-15 23:37:00,PREMIUM
226,Sarah Hernandez,ojackson@example.net,2025-08-02 10:01:00,VIP
227,Erik Hernandez,armstrongjackie@example.org,2025-08-13 03:02:00,PREMIUM
228,Nancy Brown,nshaw@example.com,2023-12-16 19:57:00,REGULAR
229,Emily Thompson,annboltonexample.com,2026-04-12 23:09:00,REGULAR
230,David Grant,amy49@example.com,2024-03-20 22:09:00,PREMIUM
231,Justin Michael,kellie37@example.com,2025-09-16 06:34:00,PREMIUM
232,Tina Ballard,david86@example.com,2024-05-31 18:52:00,PREMIUM
233,Nicole Lewis,stephanie15@example.com,2026-01-10 17:38:00,REGULAR
234,Laurie Sanchez,sarah42@example.org,2025-07-21 11:34:00,VIP
235,John Maldonado,danawilliams@example.com,2023-12-16 03:46:00,REGULAR
236,Curtis Maynard,richarddonovan@example.com,2024-07-04 10:36:00,REGULAR
237,Parker Jefferson,velezchristopher@example.net,2023-08-28 09:36:00,PREMIUM
238,Jennifer Simpson DVM,robertmonroe@example.org,2026-06-06 18:12:00,REGULAR
239,Tanya Rogers,nancy04@example.net,2024-11-27 08:54:00,REGULAR
240,Corey Rodriguez,ismall@example.net,2024-01-12 13:55:00,REGULAR
241,George Phillips,twong@example.org,2025-07-26 11:40:00,PREMIUM
242,Kaylee Miller,gregorychase@example.com,2025-07-20 20:22:00,VIP
243,James Griffin,tinawoods@example.org,2024-05-06 01:59:00,REGULAR
244,Melissa Brown,kevin90@example.com,2023-11-25 01:45:00,PREMIUM
245,Thomas Phillips,erik84@example.net,2025-05-21 23:44:00,REGULAR
246,Lisa Perry,susanmendoza@example.com,2025-03-11 08:08:00,REGULAR
247,Pamela Becker,ztodd@example.net,2025-05-01 09:03:00,PREMIUM
248,Justin Brown,foxallison@example.com,2025-03-09 14:27:00,PREMIUM
249,Jessica Frazier,ashleyhernandez@example.com,2025-09-11 01:45:00,PREMIUM
250,Jody Palmer,gdavis@example.com,2024-11-30 01:19:00,REGULAR
251,Jennifer Velasquez,hansenemily@example.com,2025-10-12 17:23:00,REGULAR
252,Amy Shannon,williamsmelvin@example.org,2026-07-03 01:29:00,PREMIUM
253,Pamela Good,ajohnson@example.org,2025-06-25 05:40:00,REGULAR
254,Susan Bennett,ybrooks@example.com,2025-08-04 14:43:00,PREMIUM
255,Jenna Anderson DVM,desireebailey@example.org,2026-01-18 06:18:00,REGULAR
256,Kim Morrow,goodsteven@example.net,2024-04-14 17:39:00,PREMIUM
257,Jennifer Miranda,eric31@example.org,2026-03-12 21:09:00,PREMIUM
258,Kyle Warner,allencarlos@example.net,2023-09-09 20:49:00,REGULAR
259,Patty Taylor,moralesjimmy@example.org,2026-07-11 02:40:00,VIP
260,Patricia Cardenas,lisadennis@example.com,2024-04-03 02:41:00,REGULAR
261,Antonio Fry,valerieboyd@example.com,2026-03-08 10:50:00,PREMIUM
262,Gregory Schneider,conniesimmons@example.com,2024-09-08 04:05:00,PREMIUM
263,Paul Wells,heather62@example.com,2026-02-03 04:07:00,REGULAR
264,Tracy Grant,meredith27@example.org,2023-12-12 11:02:00,REGULAR
265,Sarah Davis,jonathanrivera@example.org,2025-09-19 11:22:00,REGULAR
266,Shelly Lopez,brettbennett@example.net,2025-10-30 03:18:00,VIP
267,Terry Lewis,timothybooth@example.com,2024-02-11 17:52:00,REGULAR
268,Michele Sanders,burgesskaren@example.org,2024-04-05 18:31:00,VIP
269,Elizabeth Ward,kimberly67@example.net,2026-03-11 20:19:00,REGULAR
270,Erica Harris,ugarcia@example.com,2024-06-25 09:45:00,REGULAR
271,Juan Silva,hartjeffrey@example.org,2025-09-14 11:07:00,REGULAR
272,Danielle Pierce,elijah53@example.com,2026-05-17 07:19:00,REGULAR
273,Robert Jackson,jonathan77@example.com,2025-09-14 19:03:00,PREMIUM
274,Kelly Combs,iwhite@example.net,2023-10-07 23:27:00,REGULAR
275,Michael Smith,duranrobert@example.net,2025-01-22 16:09:00,VIP
276,Aaron Arnold Jr.,bruce97@example.net,2025-02-17 15:00:00,REGULAR
277,Megan Drake,amanda40@example.net,2026-04-10 09:19:00,PREMIUM
278,Joseph Ochoa,hullalice@example.org,2024-05-06 10:40:00,REGULAR
279,Wanda Perez,zmiller@example.com,2025-08-06 01:11:00,PREMIUM
280,James Tran,valdezmichele@example.org,2023-09-18 00:26:00,VIP
281,Erin Madden,warnerchristopher@example.com,2026-06-19 14:06:00,PREMIUM
282,Karen Williams,hallrachel@example.net,2023-10-07 23:55:00,PREMIUM
283,Emily Ali,rachel90@example.org,2025-04-21 18:13:00,PREMIUM
284,Lacey Atkinson,thickman@example.org,2025-07-29 08:56:00,REGULAR
285,Haley Davis,patrick21@example.net,2024-03-28 21:31:00,VIP
286,Raymond Johnson,petersonkayla@example.net,2024-05-13 00:31:00,REGULAR
287,Jessica Frazier,whenry@example.net,2025-07-11 10:38:00,PREMIUM
288,Angela Moore,bartonkenneth@example.org,2025-09-05 07:56:00,VIP
289,Tommy Wallace,jodistewart@example.org,2025-10-29 18:06:00,REGULAR
290,Kayla Garcia,andersonjacob@example.com,2023-10-24 17:29:00,REGULAR
291,Jason Maxwell,carlsonkristen@example.com,2025-09-19 18:11:00,REGULAR
292,Derrick Adams,ashleyjackson@example.com,2023-12-25 10:27:00,PREMIUM
293,Heather Raymond,ryanfisher@example.com,2025-09-15 10:27:00,REGULAR
294,Eric Rush,mwheeler@example.com,2024-07-16 13:10:00,REGULAR
295,Robert Villarreal,vbrockexample.com,2026-06-20 00:14:00,VIP
296,Ernest Oconnell,kevinmorrison@example.net,2026-06-13 23:36:00,REGULAR
297,Douglas Hartman,jessica79@example.org,2024-08-21 11:40:00,PREMIUM
298,Alyssa Acosta,brittanygardner@example.net,2026-05-16 18:26:00,PREMIUM
299,Ryan Pope,samuelcarter@example.net,2025-07-24 22:14:00,REGULAR
300,Jay Bennett,cynthiaallen@example.net,2024-11-21 13:59:00,REGULAR
301,Sheila Barnes,iaguilar@example.net,2023-08-27 19:35:00,VIP
302,Ashley Wright,jacqueline89@example.net,2025-07-15 20:24:00,REGULAR
303,Jennifer Goodwin,deborahwilliams@example.net,2026-06-10 16:29:00,REGULAR
304,Paul Grant,grodriguez@example.com,2025-08-10 00:28:00,VIP
305,Kathryn Cooper,seanmyers@example.net,2023-08-14 10:41:00,PREMIUM
306,Todd Thomas,phillipssamantha@example.org,2024-06-24 06:37:00,PREMIUM
307,Brent Bowen,hmueller@example.com,2024-11-25 06:53:00,PREMIUM
308,Greg Rodriguez,evanslisa@example.org,2025-12-11 03:54:00,VIP
309,Tina Hall,zacharyarnold@example.com,2024-10-04 08:24:00,REGULAR
310,Lucas Gonzalez,jacobsandoval@example.com,2025-04-27 10:05:00,REGULAR
311,Michael Flynn,nsmith@example.org,2025-04-11 03:26:00,REGULAR
312,Scott Rose,michaelgonzalez@example.org,2025-06-17 19:34:00,VIP
313,Ryan Williamson,lcarr@example.org,2025-12-26 03:52:00,PREMIUM
314,Bruce Torres,samantha91@example.net,2024-02-04 02:20:00,REGULAR
315,Jenny Tucker,williambarnes@example.org,2025-02-26 08:22:00,REGULAR
316,Ryan Harvey,angelaburns@example.org,2026-02-20 21:38:00,REGULAR
317,Kathy Simpson,washingtonjames@example.com,2025-08-06 18:25:00,PREMIUM
318,Keith Flynn,cmckinney@example.com,2024-03-16 04:05:00,PREMIUM
319,Krystal Barton,hillamanda@example.org,2025-01-11 06:09:00,REGULAR
320,Holly Carson,armstrongjoseph@example.net,2023-09-02 03:00:00,PREMIUM
321,Martha Wright,bpayne@example.org,2026-03-03 01:53:00,PREMIUM
322,Xavier Rowe,colemichael@example.org,2024-04-03 03:48:00,REGULAR
323,Rachel Li,michelle96@example.org,2025-12-17 01:39:00,REGULAR
324,Michael Roberts,amanda98@example.org,2024-05-06 11:09:00,REGULAR
325,Wendy Camacho,taylorkaren@example.com,2023-12-04 13:34:00,REGULAR
326,Megan Burns,johndawson@example.org,2025-04-11 05:29:00,VIP
327,Sheryl Davis,courtney67@example.org,2025-02-02 11:59:00,REGULAR
328,Aaron Schroeder,heather57@example.com,2025-09-28 09:24:00,REGULAR
329,Rebecca Sanders,sreid@example.com,2026-06-13 07:54:00,VIP
330,Kenneth Knight,troymorris@example.com,2024-12-31 07:49:00,REGULAR
331,Sara Smith,patricia00@example.org,2026-05-01 22:19:00,REGULAR
332,Michael Anderson,scottsmith@example.com,2025-06-29 17:55:00,REGULAR
333,Danielle Watson,nancymcdowell@example.org,2026-04-03 20:15:00,VIP
334,Cynthia Rios,brettgarrett@example.net,2025-08-27 14:06:00,PREMIUM
335,Michael Smith,lewischristian@example.net,2025-08-18 17:04:00,REGULAR
336,Darryl Davis,mcneilrobert@example.org,2025-12-17 15:14:00,REGULAR
337,Robert Baxter,edwardsnicole@example.org,2025-06-20 12:28:00,PREMIUM
338,Jessica Bowen,caseyelliott@example.net,2025-06-05 17:33:00,REGULAR
339,Angelica Garcia,samanthajensen@example.com,2025-10-20 00:02:00,REGULAR
340,Danielle Newman,bbell@example.com,2024-04-15 10:53:00,PREMIUM
341,Katrina Adkins,kimberly04@example.org,2024-06-06 08:43:00,PREMIUM
342,Brian Porter MD,bowerslaura@example.org,2025-02-16 09:15:00,VIP
343,Ryan Fisher,hatfieldsarahexample.org,2025-03-08 04:26:00,REGULAR
344,Austin Baker,kathrynbest@example.org,2023-08-31 04:06:00,REGULAR
345,Kathryn Perry,fryraymond@example.com,2025-08-25 12:28:00,REGULAR
346,Eric Dixon,davidsonamanda@example.org,2024-02-26 04:18:00,REGULAR
347,Marie Day,amandamyers@example.net,2024-06-22 09:22:00,PREMIUM
348,Tim Wilson,pblair@example.org,2025-05-19 10:30:00,REGULAR
349,Adam Taylor,parkerjudith@example.net,2023-07-30 23:15:00,REGULAR
350,Michelle Jackson,hbenton@example.net,2023-12-04 14:41:00,REGULAR
351,Denise Brown,jessica10@example.com,2025-09-06 00:55:00,REGULAR
352,Mr. Jacob Scott Jr.,crawfordwilliam@example.org,2025-04-07 09:05:00,REGULAR
353,Alexandria Williams,perezwilliam@example.org,2024-08-20 08:21:00,PREMIUM
354,Suzanne Yang,haroldhorne@example.org,2024-10-20 01:02:00,REGULAR
355,Barbara Nunez,john54@example.org,2023-09-14 05:53:00,REGULAR
356,John Campbell,lindajarvis@example.com,2026-01-29 05:55:00,REGULAR
357,Justin Torres,christopher70@example.com,2025-05-30 20:32:00,REGULAR
358,Kimberly Flynn,frichardson@example.org,2023-12-30 12:15:00,REGULAR
359,Melissa Smith,ijohnson@example.com,2024-07-19 14:48:00,PREMIUM
360,Joseph Allen,usweeney@example.com,2025-01-07 15:47:00,REGULAR
361,Thomas Merritt,kaufmandouglas@example.com,2025-02-07 01:01:00,REGULAR
362,Mandy Foster,stephen19@example.org,2025-04-27 02:00:00,REGULAR
363,Samuel Howe,grahamtamara@example.org,2024-09-21 02:21:00,REGULAR
364,Brandy Carrillo,louis43@example.org,2023-11-14 22:27:00,REGULAR
365,Hunter Townsend,martinsteven@example.com,2024-11-24 16:57:00,REGULAR
366,Michael Mckenzie,hbaker@example.org,2025-08-20 02:45:00,REGULAR
367,David Kelly,lewismelissa@example.org,2025-01-31 03:21:00,REGULAR
368,Kristi Pierce,jorge20@example.com,2023-10-30 07:46:00,PREMIUM
369,Richard Walker,laradonald@example.org,2024-02-20 15:07:00,PREMIUM
370,Kevin Lowery,owatson@example.net,2023-10-08 16:43:00,REGULAR
371,Ryan Lamb,gonzalezdebbie@example.org,2023-11-29 18:54:00,PREMIUM
372,Jennifer Johnson,kwilliams@example.com,2025-08-05 03:24:00,PREMIUM
373,Stephen Johnson,michaelodonnell@example.com,2025-05-26 23:25:00,REGULAR
374,Brandon Reyes,deborahporter@example.net,2024-10-19 21:30:00,VIP
375,Rachael Howard DDS,crystalpham@example.org,2024-12-30 14:31:00,PREMIUM
376,Alyssa Cochran,paul20@example.com,2024-05-21 08:31:00,PREMIUM
377,Dr. Ariel Sandoval MD,xmoreno@example.net,2025-12-28 22:50:00,PREMIUM
378,Rebecca Kelly,gallagherstacie@example.net,2026-01-23 02:01:00,REGULAR
379,Suzanne Johnson,gregorywatkins@example.net,2025-08-24 03:36:00,REGULAR
380,Casey Johnson,annalopez@example.com,2023-09-18 01:49:00,REGULAR
381,Christina Anderson,andrewwoods@example.com,2025-09-11 02:16:00,REGULAR
382,Patricia Mathis,brian29@example.net,2026-02-15 14:01:00,PREMIUM
383,Gabrielle Morris,brookssheri@example.com,2026-06-21 19:14:00,REGULAR
384,Michael Hoffman,fconner@example.net,2026-03-19 06:49:00,PREMIUM
385,Michael Anderson,jeffrey92@example.com,2025-09-24 03:02:00,PREMIUM
386,Lance Mccall,xrosales@example.net,2026-06-12 16:13:00,REGULAR
387,Patrick Young,daniellegarcia@example.com,2026-06-28 22:40:00,REGULAR
388,Monica Rogers,daisymccarty@example.net,2023-07-31 00:26:00,REGULAR
389,Michelle Williams,johnjones@example.com,2024-11-09 16:45:00,REGULAR
390,Unknown,acosta@example.com,2026-03-10 16:56:00,REGULAR
391,Melissa Martin,amy17@example.net,2023-10-07 07:07:00,REGULAR
392,Unknown,phillipslucas@example.org,2023-10-07 20:02:00,PREMIUM
393,Stephanie Davis,pamelamartin@example.org,2025-04-29 10:09:00,PREMIUM
394,Steve Moore,bbush@example.net,2023-11-06 11:34:00,PREMIUM
395,Monica Baker,terriortiz@example.net,2024-05-22 00:03:00,REGULAR
396,Brittany Ward,codylongexample.net,2024-10-29 01:38:00,PREMIUM
397,Daniel Little,madison97@example.org,2026-06-23 02:43:00,PREMIUM
398,Steven Baker,tanthony@example.com,2025-06-20 20:06:00,REGULAR
399,Andrew Gonzales,ylopez@example.com,2024-05-02 03:29:00,PREMIUM
400,Rhonda Gutierrez,anne21@example.org,2025-10-24 09:31:00,REGULAR
401,Joseph Camacho,angelarandall@example.net,2024-12-19 19:21:00,REGULAR
402,Kenneth Black,thomasmiller@example.net,2025-04-04 17:16:00,REGULAR
403,Carol Lewis,davidtodd@example.org,2024-02-14 16:56:00,REGULAR
404,Rodney Hernandez,hendersonvanessa@example.com,2025-04-30 12:54:00,REGULAR
405,Kristen Gates,renee11@example.com,2025-02-06 23:09:00,PREMIUM
406,Ashley Hernandez,buchanancindy@example.net,2025-03-30 08:38:00,REGULAR
407,Sharon Beard,buckleyanna@example.org,2026-03-06 10:58:00,PREMIUM
408,Christopher Powell,patrick79@example.net,2025-05-25 22:54:00,REGULAR
409,Patrick Mccall,vwilliams@example.net,2026-03-27 10:15:00,PREMIUM
410,John Horton,morganlaura@example.com,2023-11-03 03:36:00,VIP
411,Erica Daniel,dennismccann@example.com,2025-05-11 10:04:00,PREMIUM
412,Olivia Camacho,lopezjason@example.com,2026-01-03 03:17:00,REGULAR
413,Samuel Suarez,cameronmckinney@example.com,2023-08-19 06:01:00,REGULAR
414,Jesus Hull,nancygonzalez@example.org,2025-08-28 14:43:00,REGULAR
415,Becky Johnson,micheal78@example.com,2024-08-29 15:37:00,REGULAR
416,Hailey Monroe,ethompson@example.net,2024-04-26 22:49:00,PREMIUM
417,Penny Lewis,mitchellpaul@example.org,2024-03-17 01:41:00,REGULAR
418,Sharon Coffey,ericaadams@example.com,2025-08-04 00:45:00,PREMIUM
419,Alejandra King,pbuck@example.org,2025-12-16 16:19:00,PREMIUM
420,Judy Robinson,jennifer46@example.com,2024-06-13 14:21:00,REGULAR
421,Dr. Sara Hoffman DDS,asilva@example.net,2024-05-23 06:23:00,REGULAR
422,Shannon Green,olsonmatthew@example.com,2025-09-04 16:35:00,PREMIUM
423,Rebekah Greene,jacob83@example.org,2025-07-11 06:54:00,REGULAR
424,Jason Price,jenniferrios@example.com,2023-08-26 05:33:00,REGULAR
425,Rachel Knox,matthewreeves@example.net,2025-07-23 17:04:00,REGULAR
426,Carl Green,megan82@example.com,2025-12-20 06:00:00,REGULAR
427,Henry Garner,staceylam@example.net,2024-06-19 00:16:00,REGULAR
428,Julie Delacruz,nathan94@example.com,2025-04-17 23:11:00,REGULAR
429,Jane Evans,kennedyjames@example.org,2023-09-15 18:26:00,VIP
430,Dr. Victoria Thomas,derrickgonzalez@example.com,2026-02-17 11:22:00,REGULAR
431,Mrs. Amy Hayes,kimberlyfreeman@example.net,2024-03-03 22:57:00,VIP
432,Jeffrey Jordan,barbaramoore@example.org,2024-10-30 14:58:00,REGULAR
433,Jake Smith,creyes@example.net,2024-07-05 14:05:00,REGULAR
434,Michael Cooper,andrewsmith@example.net,2023-12-06 19:17:00,PREMIUM
435,Angel Fry,tgordon@example.org,2024-11-29 02:23:00,PREMIUM
436,Colin Vaughan,ryan25@example.com,2026-04-19 15:04:00,REGULAR
437,Mrs. Alison Wagner,osmith@example.net,2023-11-30 11:35:00,REGULAR
438,Linda Williams,brooksdanielle@example.net,2023-11-13 23:51:00,REGULAR
439,Joshua Wells,williamsdarrell@example.com,2024-01-02 07:35:00,REGULAR
440,Lisa Haynes,turnerdorothy@example.net,2024-10-19 10:44:00,PREMIUM
441,Brian Gonzalez,huntchristine@example.com,2024-02-22 09:37:00,REGULAR
442,Christopher Kelley,marie35@example.net,2026-04-11 00:40:00,REGULAR
443,Susan Conley,arivera@example.org,2025-07-20 14:13:00,PREMIUM
444,Ashley Scott,stacychan@example.org,2024-03-27 19:39:00,REGULAR
445,Sarah Ward,joseph01@example.org,2025-07-29 01:53:00,PREMIUM
446,Charles Holland,grodgers@example.org,2024-07-12 15:39:00,REGULAR
447,Robert White,rfriedman@example.net,2024-09-29 16:07:00,REGULAR
448,Rebecca Banks,ynelson@example.net,2025-12-07 17:19:00,REGULAR
449,Thomas Webb,andersonjessica@example.org,2025-04-01 22:25:00,VIP
450,Shari Hobbs,ywhite@example.com,2025-09-22 10:12:00,REGULAR
451,Arthur Pena,timothyfreeman@example.com,2023-08-01 01:48:00,VIP
452,Melissa Montgomery,tiffanysantiago@example.com,2024-11-03 19:29:00,REGULAR
453,Ryan Grant,timothyalvarado@example.net,2026-07-04 20:59:00,PREMIUM
454,Sarah Booth,smithsarah@example.net,2023-10-08 13:31:00,PREMIUM
455,Daniel Schneider,vflores@example.com,2024-10-02 09:51:00,PREMIUM
456,Scott West,christianwallace@example.net,2023-11-25 14:25:00,REGULAR
457,Andrew Dunn,bmcgee@example.org,2026-01-08 11:55:00,REGULAR
458,Tiffany Cox,pamela83@example.net,2023-09-16 00:03:00,REGULAR
459,Michelle Cox,meganrivera@example.net,2024-11-25 09:08:00,REGULAR
460,Mark Marsh,malonejeffrey@example.com,2025-03-09 15:32:00,REGULAR
461,Mitchell Griffith,jacqueline02@example.com,2023-11-12 17:33:00,PREMIUM
462,Roger Lee,jacobconrad@example.com,2024-07-22 19:29:00,REGULAR
463,Patricia Hayes,owilliams@example.net,2025-07-09 00:23:00,REGULAR
464,Timothy Roberson,tamarasmith@example.net,2024-12-28 16:33:00,REGULAR
465,Matthew Obrien,heatherthompson@example.org,2024-07-05 04:22:00,PREMIUM
466,Denise Stuart,mbarnes@example.net,2026-06-15 22:03:00,REGULAR
467,Stacey Hunt,iballard@example.com,2026-01-27 07:19:00,REGULAR
468,Miguel Parks,jennifer83@example.org,2026-04-22 21:36:00,PREMIUM
469,Melissa Morris,tinasantos@example.org,2023-11-21 23:36:00,VIP
470,Megan English,anna99@example.net,2025-02-22 12:57:00,REGULAR
471,Charles Santiago,hstokes@example.org,2024-02-22 13:39:00,REGULAR
472,Melissa Phillips,tonyavega@example.org,2025-10-21 06:14:00,REGULAR
473,Nancy Hancock,howardshaun@example.net,2025-10-09 00:12:00,VIP
474,Matthew House,yyoung@example.net,2024-09-15 04:23:00,REGULAR
475,Marc Norman,tammy00@example.net,2026-02-25 22:30:00,REGULAR
476,Kevin Rodgers,rhondabush@example.net,2024-02-18 19:22:00,VIP
477,Victor Moss,kellythompson@example.net,2023-11-26 07:26:00,PREMIUM
478,Ryan Smith,pattersonangela@example.org,2024-12-10 12:00:00,PREMIUM
479,Timothy Gilbert,billmcfarland@example.net,2025-07-12 18:40:00,REGULAR
480,Michael Fox,jtyler@example.com,2026-06-01 02:56:00,PREMIUM
481,Anna Walker,hartmanerik@example.net,2024-03-08 07:23:00,REGULAR
482,Yesenia Colon,mark43@example.net,2026-06-27 13:53:00,PREMIUM
483,Lisa Oliver,wilsonmichael@example.org,2026-06-03 05:08:00,REGULAR
484,Diane Pruitt,patrick16@example.com,2026-01-04 07:59:00,REGULAR
485,Steven Lee,willie87@example.com,2025-01-31 14:47:00,REGULAR
486,Lori Clark,jacksonstephanie@example.net,2025-06-07 07:17:00,REGULAR
487,Ronald Johns,michellecoleman@example.org,2025-10-07 20:54:00,REGULAR
488,Allison Love,elucas@example.net,2023-08-29 01:04:00,REGULAR
489,Roberto Bartlett,brownlaura@example.net,2024-10-07 04:23:00,PREMIUM
490,Michael Nichols,bmccoy@example.com,2025-06-20 08:26:00,REGULAR
491,Heather Shaw,avilabrenda@example.net,2024-05-31 02:40:00,REGULAR
492,Matthew Wells,catherine47@example.com,2025-02-22 01:31:00,PREMIUM
493,Mark Evans,julierobles@example.net,2026-03-16 09:52:00,PREMIUM
494,Andrew Armstrong,susan08@example.net,2024-09-22 08:02:00,REGULAR
495,Jason Brewer,torreskaitlin@example.net,2025-01-30 03:30:00,REGULAR
496,Christopher Marsh,jackjensen@example.com,2026-02-06 08:39:00,PREMIUM
497,Danielle Gonzalez,enewman@example.com,2025-04-14 16:51:00,PREMIUM
498,Stephanie Stewart,michael31@example.com,2024-11-23 07:31:00,REGULAR
499,Eugene Patterson,heather29@example.net,2023-07-23 19:49:00,REGULAR
500,Ryan Taylor,kristenjoseph@example.net,2025-09-28 15:57:00,PREMIUM
501,Mr. Matthew Miller,wford@example.com,2024-05-21 00:12:00,REGULAR
502,Angela Jones,patriciagonzalez@example.net,2023-08-07 22:41:00,REGULAR
503,Andrew Green,hessbeth@example.net,2026-03-24 02:09:00,REGULAR
504,Steven Lawrence,jvaldez@example.com,2026-02-11 17:51:00,PREMIUM
505,Adam Allen,stevendixon@example.com,2026-06-08 19:21:00,REGULAR
506,Travis Hopkins,katherinetaylor@example.org,2026-06-12 21:34:00,REGULAR
507,Crystal Baker,ccrosby@example.org,2024-03-30 22:49:00,REGULAR
508,Jesse Williams,aprilmoody@example.com,2026-06-26 23:36:00,REGULAR
509,Joshua Thompson,dakota84@example.net,2025-07-03 18:38:00,REGULAR
510,Terry Black,briana18@example.com,2024-08-08 05:01:00,VIP
511,Brenda Martin,tommy79@example.org,2023-10-10 23:58:00,REGULAR
512,Ruth Guerrero,jason22@example.com,2024-10-14 19:58:00,REGULAR
513,Christopher Whitaker,jennifer77@example.com,2023-08-12 03:02:00,REGULAR
514,Amanda Armstrong,andersonbrittany@example.org,2023-09-17 19:05:00,REGULAR
515,Marcia Johns,sandra86@example.net,2025-09-23 04:30:00,REGULAR
516,Sharon Jackson DVM,stacey37@example.net,2025-05-06 21:11:00,PREMIUM
517,Grace Chavez,cindydixon@example.org,2025-04-25 15:50:00,PREMIUM
518,Scott Gordon,nicholasanderson@example.org,2024-10-20 12:13:00,REGULAR
519,Sherry Schmidt,catherinethompson@example.net,2025-10-19 22:23:00,REGULAR
520,April Pace,olsondavid@example.net,2025-07-31 01:01:00,PREMIUM
521,Jessica Mays,xboyd@example.org,2024-12-27 19:18:00,REGULAR
522,Sara Johnston,zbell@example.net,2024-10-26 17:58:00,PREMIUM
523,Kimberly Scott,thomas31@example.com,2023-07-24 12:35:00,PREMIUM
524,Daniel Brock,lanedavid@example.org,2024-10-08 12:16:00,PREMIUM
525,Joshua Cunningham,mooredenise@example.com,2025-05-18 23:33:00,REGULAR
526,Karen Wood,afischer@example.net,2025-03-17 13:25:00,PREMIUM
527,Charles Shields,vanessa95@example.net,2023-11-26 00:23:00,REGULAR
528,Jordan Hartman,seanlyons@example.org,2025-12-12 01:02:00,REGULAR
529,Samantha Ruiz,martintamara@example.org,2025-05-06 05:35:00,REGULAR
530,Misty Arias,brownjeffrey@example.org,2024-09-29 12:38:00,VIP
531,Jessica Harris,jennifer90@example.org,2025-07-07 07:02:00,REGULAR
532,Lisa Craig,james98@example.net,2024-08-15 16:56:00,REGULAR
533,Heather Foster,cantrellchristopher@example.com,2025-04-20 17:04:00,REGULAR
534,Molly Hansen,mclaughlincasey@example.org,2025-04-17 06:18:00,REGULAR
535,Jordan Powell,sylvia43@example.net,2023-07-23 15:05:00,PREMIUM
536,Gina Wilson,richardrodriguez@example.org,2025-01-30 22:48:00,PREMIUM
537,James Webb,nancy94@example.net,2024-04-10 02:11:00,PREMIUM
538,Karen Scott,susan77@example.net,2024-09-09 20:01:00,PREMIUM
539,Harry Nichols,ericahall@example.com,2025-08-24 10:23:00,REGULAR
540,Gloria Spencer,john16@example.net,2024-01-30 02:27:00,VIP
541,Melanie Browning,michael94@example.org,2025-01-15 07:05:00,PREMIUM
542,Dale Wright,jimmyallen@example.com,2025-05-26 08:10:00,REGULAR
543,Mary Austin,kimberlywilson@example.org,2025-11-01 22:18:00,REGULAR
544,William Prince PhD,charlesnathan@example.com,2025-01-06 07:36:00,PREMIUM
545,Jenny Ayers,raymond92@example.org,2023-08-23 05:04:00,VIP
546,Julia Norris,phillip27@example.org,2023-07-31 11:35:00,REGULAR
547,Debbie Dunn,nicolasgarcia@example.com,2024-04-03 08:52:00,REGULAR
548,Jeff Barnes,vmullen@example.com,2025-10-19 17:28:00,REGULAR
549,Veronica Parks,melissa47@example.org,2025-12-26 15:45:00,REGULAR
550,Robert Rodgers,linda86@example.com,2024-12-17 19:02:00,REGULAR
551,Michelle Floyd,thompsonvictor@example.net,2024-06-11 06:50:00,PREMIUM
552,David Combs,rosshannah@example.org,2023-11-01 01:14:00,REGULAR
553,Deanna Smith,jordan58@example.net,2023-11-28 08:58:00,VIP
554,Richard Kelly,barbarasantos@example.net,2025-07-25 03:54:00,REGULAR
555,Dustin Welch,champton@example.org,2023-12-24 05:52:00,REGULAR
556,Laura Sweeney,daniellemcfarland@example.com,2023-10-04 16:55:00,REGULAR
557,Derek Newman,matthewedwards@example.net,2024-05-10 17:51:00,REGULAR
558,Tracie Gutierrez,xnorman@example.net,2024-02-05 00:28:00,PREMIUM
559,Mercedes Miller,martinezjimmy@example.com,2024-01-17 10:03:00,REGULAR
560,Allison Sanders,davissharon@example.com,2025-11-02 18:05:00,REGULAR
561,Stacey Parker,garciachristine@example.org,2024-04-14 14:37:00,REGULAR
562,Alyssa Alvarado,scott22@example.net,2026-02-15 06:07:00,REGULAR
563,Brandy Fry,michelle78@example.com,2025-02-28 10:33:00,PREMIUM
564,Mark Ferguson,owelch@example.net,2026-04-09 10:58:00,PREMIUM
565,Jacob Green,zfernandez@example.org,2024-06-15 03:54:00,REGULAR
566,John Smith,millskatherine@example.org,2026-04-23 21:10:00,REGULAR
567,Linda Robles,xevans@example.com,2025-03-10 05:15:00,PREMIUM
568,Miguel Brewer,robertcastro@example.com,2026-01-11 06:08:00,PREMIUM
569,Rebecca Austin,josehenderson@example.org,2025-08-16 21:05:00,PREMIUM
570,Barry Taylor,justin84@example.com,2023-11-16 10:50:00,PREMIUM
571,Chelsea Smith,rwilliamson@example.net,2023-09-10 21:57:00,REGULAR
572,Jeffrey Smith,lopezcurtis@example.com,2023-10-25 08:42:00,PREMIUM
573,Kathleen Watson,snydermatthew@example.com,2025-08-20 04:15:00,PREMIUM
574,Reginald Jones,riveramegan@example.org,2024-12-14 16:20:00,REGULAR
575,Barbara Tate,paulawright@example.com,2024-04-16 07:47:00,PREMIUM
576,Ray Boyd,cwright@example.org,2026-06-28 15:44:00,PREMIUM
577,Nicholas Garner,tprice@example.com,2025-03-11 17:13:00,PREMIUM
578,Anthony Estrada,kingdanielle@example.org,2026-06-18 23:13:00,REGULAR
579,Lauren Foster,cynthianguyen@example.org,2024-04-09 21:21:00,VIP
580,Jacqueline Davis,perkinshannah@example.net,2024-01-07 07:48:00,REGULAR
581,Henry Moore,parksmatthew@example.net,2025-02-25 05:23:00,REGULAR
582,Nicole Trujillo,martinezjesse@example.net,2024-11-10 05:52:00,PREMIUM
583,Steven Washington,andrewgray@example.net,2024-11-08 21:49:00,REGULAR
584,Gregory Oconnor,amy73@example.net,2024-05-15 05:03:00,PREMIUM
585,Kimberly Gibson,caseymoore@example.com,2025-11-14 17:17:00,REGULAR
586,Patty Allen,bgross@example.net,2025-09-15 13:11:00,REGULAR
587,Brittany Campbell,rlee@example.com,2024-10-09 13:30:00,PREMIUM
588,Beverly Russo,daniel81@example.org,2024-02-24 22:53:00,REGULAR
589,Jasmine Burns,clee@example.net,2025-06-01 05:29:00,REGULAR
590,Timothy Clark,brandon39@example.net,2025-01-06 23:23:00,REGULAR
591,Teresa Perry,mcdonalddanielle@example.com,2024-08-25 22:16:00,REGULAR
592,Sandra Miller,colonjoseph@example.org,2024-03-11 02:20:00,PREMIUM
593,Joseph Wright,garciajerry@example.com,2025-06-02 17:06:00,PREMIUM
594,Mark Howard,angelagrant@example.net,2024-12-02 03:52:00,PREMIUM
595,Kathy Sandoval,kandrade@example.org,2025-02-22 12:53:00,REGULAR
596,Erika Watson PhD,umahoney@example.net,2024-11-01 08:03:00,REGULAR
597,Joshua Garner,charlene98@example.org,2024-08-16 00:00:00,REGULAR
598,Victoria Larson,zwest@example.org,2025-02-04 16:29:00,VIP
599,Rodney Norris,adam33@example.com,2024-05-15 21:41:00,PREMIUM
600,Jacob Perkins,clintonstevens@example.org,2024-03-29 19:52:00,PREMIUM
601,Misty Mcguire,christopher69@example.org,2024-01-23 23:37:00,REGULAR
602,Jane Deleon,larsonkevin@example.net,2026-04-23 15:28:00,REGULAR
603,Unknown,michael66@example.org,2026-02-25 13:47:00,REGULAR
604,Lynn Brown,julieatkinson@example.org,2025-02-12 02:37:00,VIP
605,Brittany Nunez,amber25@example.net,2026-07-15 08:48:00,REGULAR
606,Jeffrey Hartman,kmullins@example.net,2023-12-27 17:05:00,PREMIUM
607,Bradley Shaw,christopher90@example.net,2025-11-12 10:15:00,REGULAR
608,Matthew Gonzalez DDS,kathleencastillo@example.org,2025-10-01 14:49:00,VIP
609,Thomas Davis,johnadams@example.com,2025-07-23 13:53:00,PREMIUM
610,Matthew Carrillo,mdiaz@example.com,2024-01-19 23:43:00,VIP
611,Thomas Hall,christina79@example.org,2025-08-07 11:50:00,VIP
612,Dana Oliver,katherinefarrell@example.org,2023-12-27 08:16:00,PREMIUM
613,Gary Singh,alexander14example.com,2024-03-06 16:30:00,REGULAR
614,Alicia Aguilar,ana92@example.net,2025-07-14 13:45:00,VIP
615,Lisa Brown,scottbrian@example.org,2025-07-04 23:06:00,VIP
616,Mary Lin,jonesdonna@example.net,2023-08-08 10:28:00,REGULAR
617,Ariana Stewart,yhall@example.net,2026-02-22 06:31:00,REGULAR
618,Michelle Williams,lopezvincent@example.com,2026-04-24 01:57:00,PREMIUM
619,Harold Garrett,matthew62@example.org,2024-04-02 08:18:00,PREMIUM
620,Tiffany Perez,lisa46@example.org,2024-07-27 00:48:00,PREMIUM
621,Tyler Salazar,fsandoval@example.net,2025-06-02 22:21:00,REGULAR
622,Susan Murphy,robertberry@example.com,2025-03-03 16:02:00,REGULAR
623,Shari Parker,denisecarpenter@example.net,2025-08-29 03:56:00,REGULAR
624,Krystal Moore,russellstout@example.org,2023-09-30 20:05:00,VIP
625,Pamela Beard,whitemary@example.org,2024-10-14 04:53:00,REGULAR
626,Denise Maxwell,vturner@example.net,2023-11-12 12:33:00,REGULAR
627,Keith Hall,anthonyodom@example.net,2024-03-28 22:32:00,REGULAR
628,Ryan Harrison,howardhailey@example.com,2025-06-29 06:39:00,PREMIUM
629,Darrell Ortiz,melissahenry@example.org,2026-06-14 01:58:00,VIP
630,Timothy Duke,stephanie33@example.org,2026-02-22 15:53:00,REGULAR
631,Ricardo Franklin,dwatts@example.org,2026-01-06 18:21:00,PREMIUM
632,Sheri Buchanan,phillip99@example.net,2025-02-08 00:25:00,REGULAR
633,Jennifer Moss,cbryant@example.org,2025-03-20 14:47:00,PREMIUM
634,Donna Jackson,leescott@example.com,2024-06-05 03:12:00,PREMIUM
635,Jocelyn Sharp,vaughnrebecca@example.com,2023-11-19 12:52:00,REGULAR
636,Kevin Marquez,phillipmorris@example.org,2024-02-24 19:01:00,REGULAR
637,Michelle Martin,udavis@example.net,2025-09-28 23:34:00,REGULAR
638,Michael Acosta,wilsonshannon@example.com,2026-06-21 01:38:00,REGULAR
639,Krystal Keller,nicholasjames@example.org,2023-12-29 23:43:00,REGULAR
640,Nicholas Woodward,haroldjoseph@example.com,2024-05-29 22:54:00,REGULAR
641,Preston Smith,davidanderson@example.org,2025-01-13 19:01:00,REGULAR
642,Cynthia Chapman,astephens@example.net,2024-12-20 18:41:00,REGULAR
643,Stephen Ramirez,mramos@example.net,2025-06-06 08:10:00,REGULAR
644,Charles Johnson,brandonhernandez@example.net,2025-04-11 23:01:00,REGULAR
645,Christopher Powers,mark10@example.org,2025-05-18 02:45:00,REGULAR
646,Anna Evans,tammycurry@example.com,2024-08-25 09:08:00,REGULAR
647,Ana Ruiz,wwilkins@example.com,2023-11-29 05:38:00,REGULAR
648,Lisa Rodriguez,mark68@example.org,2025-09-25 02:38:00,VIP
649,Lee Stewart,webbhaley@example.net,2025-02-13 05:07:00,VIP
650,Lynn Vasquez,sara99@example.com,2024-01-31 15:50:00,VIP
651,John Robles,jeanettekrause@example.org,2025-10-03 14:10:00,PREMIUM
652,Gregory Shaffer,laurenduarte@example.com,2024-03-07 04:40:00,REGULAR
653,Jonathon Nguyen,hannahking@example.org,2023-07-25 06:00:00,REGULAR
654,Cheyenne Bass,matthew99@example.org,2026-04-24 02:12:00,REGULAR
655,Karen Burton,zhendricks@example.org,2026-03-21 23:28:00,PREMIUM
656,Nathaniel Stewart,steven60@example.net,2025-02-24 17:05:00,PREMIUM
657,Chase Pittman,barbararivera@example.com,2024-07-24 03:33:00,REGULAR
658,Chelsea Wilson,ksims@example.net,2025-11-21 18:16:00,REGULAR
659,Jonathan Young,janet50@example.com,2024-11-24 16:40:00,PREMIUM
660,Andrew Harris,javier42@example.org,2023-10-28 00:00:00,REGULAR
661,Thomas Oconnor,lloydrebecca@example.org,2025-02-11 06:45:00,REGULAR
662,Christine Johnson MD,douglas18@example.net,2026-02-20 02:55:00,PREMIUM
663,Shelby Cook,smithsarah@example.net,2026-03-18 19:56:00,REGULAR
664,Peter Fowler,meyerdonna@example.com,2024-03-04 11:08:00,REGULAR
665,Megan Nelson,jameshill@example.com,2024-01-07 02:28:00,PREMIUM
666,Joshua Dunn,smithcindy@example.net,2024-05-10 12:41:00,PREMIUM
667,Gina Wallace,audrey21@example.com,2023-12-08 01:21:00,REGULAR
668,Brandon Myers,dberger@example.org,2025-08-28 15:52:00,REGULAR
669,Michelle Lambert,tjensen@example.com,2025-02-22 01:58:00,PREMIUM
670,Jesus Cohen,fbradley@example.net,2025-09-03 17:30:00,REGULAR
671,Lisa Durham,oruiz@example.org,2024-09-20 03:19:00,VIP
672,John Bell,kristina57@example.com,2024-12-04 22:10:00,REGULAR
673,Brian Roth,justinbailey@example.net,2025-12-07 13:19:00,REGULAR
674,Kevin Allen,angela14@example.net,2024-04-10 13:10:00,PREMIUM
675,Michael Reynolds,terrireyes@example.com,2026-06-26 13:29:00,PREMIUM
676,Nancy Joseph,amy32@example.net,2026-01-20 08:58:00,VIP
677,Jeremy Parker,vargassteven@example.net,2024-10-05 04:02:00,REGULAR
678,Matthew Brown,jenningscandace@example.com,2024-03-12 23:21:00,VIP
679,Nicole Guerrero,paigeberger@example.net,2024-11-25 20:45:00,PREMIUM
680,Shawn Evans,peter97@example.org,2025-12-04 21:55:00,PREMIUM
681,Lisa Dixon,samantha65@example.org,2026-02-01 07:18:00,REGULAR
682,Samantha Howard,bryan80@example.org,2026-02-16 05:14:00,REGULAR
683,Michelle Sullivan,youngjacqueline@example.com,2024-11-06 09:04:00,REGULAR
684,Sarah Ward,elainewells@example.org,2024-10-17 16:55:00,VIP
685,Alan Griffith,whitney22@example.org,2025-01-01 19:41:00,VIP
686,Robert Dalton,iproctor@example.org,2026-03-23 15:33:00,PREMIUM
687,Robert Cruz,dhanson@example.net,2024-03-21 21:08:00,REGULAR
688,Cynthia Shaw,kjacobs@example.com,2024-10-10 16:40:00,REGULAR
689,Ashley Olson,arthur09@example.com,2025-08-13 02:57:00,REGULAR
690,Blake Wu,jessicafox@example.com,2023-10-23 10:39:00,VIP
691,Mark Yates,qmccoy@example.net,2024-06-24 22:39:00,VIP
692,Jose Harrison,bergeramanda@example.org,2025-09-29 14:05:00,REGULAR
693,Andrew Livingston,zgomez@example.com,2025-10-16 16:36:00,REGULAR
694,Mary Carter,bryan79@example.org,2025-10-03 11:51:00,REGULAR
695,Richard King,mitchellchristopher@example.net,2025-05-23 06:34:00,REGULAR
696,Kevin Hernandez,michaela01@example.net,2024-11-18 22:31:00,PREMIUM
697,Joseph Johnson,josehaynes@example.com,2026-06-30 19:10:00,PREMIUM
698,Jennifer Reyes,caitlinunderwood@example.com,2025-07-11 10:31:00,REGULAR
699,Dennis Weiss,jasonnavarro@example.com,2023-09-14 01:58:00,REGULAR
700,Nicole Patel,tross@example.com,2024-09-06 16:29:00,VIP
701,Alexandra Ho,jwells@example.net,2024-11-21 07:31:00,REGULAR
702,Tina Reynolds,suzanne01@example.net,2026-04-19 10:46:00,VIP
703,Jeanne Mejia,matthew41@example.com,2025-10-16 07:49:00,REGULAR
704,Adam Smith,aprilbyrd@example.org,2023-09-30 23:43:00,PREMIUM
705,Daniel Campbell,gdavisexample.net,2024-02-15 02:13:00,REGULAR
706,Sara Sampson,harveybrian@example.net,2025-06-16 16:36:00,PREMIUM
707,Stephanie Knight,millercassandra@example.com,2026-06-12 06:35:00,REGULAR
708,Angela Chavez,dominguezjon@example.com,2026-07-13 01:03:00,REGULAR
709,Richard Ramirez,qschwartz@example.com,2023-09-24 21:23:00,REGULAR
710,Deborah Alexander,dcook@example.com,2025-01-07 07:42:00,PREMIUM
711,Joshua Reynolds,chelseywhite@example.com,2025-05-21 06:24:00,REGULAR
712,Benjamin Luna,gainesjennifer@example.org,2025-11-16 03:59:00,REGULAR
713,Andrew Myers,mosleyeduardo@example.net,2023-12-31 15:37:00,REGULAR
714,Patricia Mendoza,rebecca90@example.net,2024-10-03 02:34:00,REGULAR
715,Karen Bradley,fernandezaaron@example.net,2026-05-08 01:49:00,PREMIUM
716,Tina Davis,mathew46@example.org,2025-02-23 07:58:00,PREMIUM
717,Julian Ponce,christopher74@example.net,2025-07-11 12:16:00,REGULAR
718,Mark Moss,heather15@example.com,2023-12-18 20:53:00,REGULAR
719,Arthur Fernandez MD,anthonydavies@example.org,2025-02-22 13:56:00,REGULAR
720,George Le,blevy@example.org,2024-10-04 20:31:00,PREMIUM
721,Sheila Herrera,lindsaycontreras@example.com,2025-10-07 12:24:00,REGULAR
722,Alec Meadows DDS,sandyjohnson@example.org,2024-04-09 10:39:00,PREMIUM
723,Anne Carr,alexischen@example.com,2026-01-18 20:15:00,REGULAR
724,Lisa Brown,meyersdaniel@example.com,2024-02-25 13:40:00,REGULAR
725,Laura Taylor,lisa65@example.org,2026-01-20 00:31:00,REGULAR
726,Donald Todd,kathrynwatkins@example.com,2024-01-18 16:02:00,PREMIUM
727,Brett Boone,angela73@example.net,2025-05-19 14:18:00,REGULAR
728,Timothy Mann,alexistucker@example.org,2025-04-29 02:15:00,PREMIUM
729,Devin Cole,robert72@example.org,2024-04-05 16:29:00,REGULAR
730,Lisa Miller,cheryljohnson@example.org,2026-01-09 03:02:00,VIP
731,William Davila,michael08@example.org,2025-05-26 16:42:00,VIP
732,Cory Hogan,stevensims@example.org,2025-08-07 08:48:00,PREMIUM
733,Amy Diaz,kjimenez@example.net,2024-03-04 04:24:00,VIP
734,Tammy Thompson,matthew70@example.org,2025-11-25 05:04:00,REGULAR
735,Leslie Nguyen,erobertson@example.org,2024-02-21 07:23:00,REGULAR
736,Oscar Kane,jerry15@example.org,2024-09-02 00:14:00,REGULAR
737,Brianna Reilly,charlesrichards@example.org,2024-11-28 01:47:00,REGULAR
738,Ian Nelson,dbrooks@example.net,2024-07-20 13:47:00,PREMIUM
739,John Barnes,schwartzbrian@example.org,2025-10-28 15:37:00,PREMIUM
740,Susan Lane,oliviamunoz@example.net,2025-03-15 04:44:00,REGULAR
741,Unknown,christophervincent@example.com,2026-02-17 06:15:00,REGULAR
742,Jeffrey Salas,brittanyhood@example.com,2024-04-15 02:03:00,REGULAR
743,Stephanie Butler,lriley@example.org,2023-09-04 23:44:00,REGULAR
744,James Pacheco,gquinn@example.org,2025-08-19 20:51:00,REGULAR
745,Melissa Russell,chavezjohn@example.net,2024-03-13 09:44:00,REGULAR
746,Candice Stevens,kenneth10@example.com,2025-04-03 12:13:00,REGULAR
747,Jennifer Clarke,braysteven@example.org,2024-08-27 09:48:00,VIP
748,Steven Cook,apadilla@example.net,2023-08-23 09:03:00,REGULAR
749,Rebecca French,smullins@example.net,2023-10-15 05:46:00,REGULAR
750,Anthony Reyes,jill08@example.net,2024-12-09 10:16:00,REGULAR
751,Kristina Ayala,diazgregory@example.net,2023-12-17 04:27:00,REGULAR
752,Lauren Haley,john17@example.net,2024-03-04 09:46:00,PREMIUM
753,Destiny Brown,lukehurst@example.net,2024-07-30 19:17:00,REGULAR
754,Meghan Patel,hmason@example.com,2024-06-02 18:31:00,REGULAR
755,James White,lauren13@example.com,2026-06-02 12:18:00,REGULAR
756,Chris Harris,rodriguezjoshua@example.net,2026-05-26 18:31:00,PREMIUM
757,Kara Fisher,cartertara@example.net,2025-10-03 20:30:00,REGULAR
758,Kelly Rogers,carterbryan@example.org,2025-04-12 15:07:00,REGULAR
759,Keith Villanueva,todd88@example.com,2024-06-18 08:45:00,REGULAR
760,Duane Huber,jeremy54@example.org,2025-05-26 09:03:00,REGULAR
761,Melissa Estrada,jennifermitchell@example.org,2024-01-02 16:59:00,PREMIUM
762,David Lopez,darylchaney@example.net,2025-03-25 20:39:00,REGULAR
763,Joshua Martin,wadetiffany@example.org,2024-06-12 22:58:00,PREMIUM
764,Tanya Moore,sullivanvictor@example.org,2026-06-15 13:04:00,REGULAR
765,Nicole Mcknight,deborah47@example.com,2025-07-18 06:05:00,REGULAR
766,Andrew Gregory,hmorgan@example.net,2023-11-23 14:17:00,PREMIUM
767,Gabriel Franklin,moralesmary@example.com,2024-02-17 08:40:00,PREMIUM
768,Joshua Griffin,kimberlywang@example.org,2025-07-23 08:54:00,PREMIUM
769,Larry Harding,daughertypreston@example.com,2026-04-08 22:26:00,VIP
770,Dustin Bell,raymond65@example.com,2026-06-23 14:58:00,REGULAR
771,Regina Roberts PhD,lewispamela@example.net,2026-06-15 18:36:00,REGULAR
772,Linda Thomas,achandler@example.org,2024-06-14 18:55:00,PREMIUM
773,Mark Nelson,carl96@example.org,2024-01-26 03:58:00,REGULAR
774,Ronnie Roberts,wpage@example.org,2025-01-06 01:49:00,REGULAR
775,Courtney Moody,mary47@example.net,2024-01-03 07:10:00,VIP
776,Donna White,stephanie71@example.net,2026-04-07 02:57:00,PREMIUM
777,Andrea Reese DDS,anthonyhubbard@example.com,2025-03-29 05:50:00,REGULAR
778,Laura Bruce,courtney71@example.com,2024-01-12 23:12:00,REGULAR
779,Christopher Nelson,thomassteven@example.net,2024-10-20 04:50:00,REGULAR
780,Kayla Miranda,brandon48@example.net,2024-02-04 07:40:00,REGULAR
781,Samantha Cohen,georgegary@example.com,2024-06-12 10:08:00,REGULAR
782,Joseph Watson,cody95@example.org,2024-12-30 20:17:00,VIP
783,Daniel Lopez,samantha21@example.org,2026-03-27 10:55:00,REGULAR
784,Tammy Mendoza,butlersabrina@example.org,2024-06-23 22:18:00,REGULAR
785,Gloria Mckinney,don79@example.net,2023-08-19 01:03:00,REGULAR
786,Elizabeth Clark,walkermelissa@example.org,2026-06-27 13:16:00,REGULAR
787,Raymond Todd,yvazquez@example.org,2023-09-03 02:50:00,PREMIUM
788,Bryan King,johnsondonna@example.net,2023-09-29 02:53:00,REGULAR
789,Steven Lopez,websterkimberly@example.net,2024-08-06 17:08:00,REGULAR
790,Hannah Martin,thomasjulie@example.com,2025-01-17 02:05:00,VIP
791,Kendra Baldwin,williamjones@example.net,2026-06-09 02:16:00,REGULAR
792,Daniel Gordon,rachelmedina@example.net,2025-09-01 00:49:00,REGULAR
793,Catherine Kelly,helen27@example.net,2024-09-06 11:36:00,REGULAR
794,Brian Taylor,willierussell@example.com,2025-10-30 18:29:00,REGULAR
795,James Bryant DDS,angela01@example.com,2025-08-09 08:13:00,REGULAR
796,Mrs. Shannon Jacobson,aperez@example.com,2025-12-13 18:39:00,REGULAR
797,Matthew Miller,harry71@example.com,2023-12-22 14:56:00,REGULAR
798,Vanessa Brown,gneal@example.net,2026-06-21 02:04:00,PREMIUM
799,Molly Ramirez,james61@example.org,2025-09-07 07:42:00,REGULAR
800,Tiffany Archer,katelyn65@example.com,2025-01-28 21:34:00,PREMIUM
801,David Dunlap Jr.,katrinarodriguez@example.com,2025-10-03 22:51:00,REGULAR
802,Michael Hernandez,jimenezanthony@example.org,2025-05-30 00:47:00,REGULAR
803,Rebecca Harris,wolfdonna@example.net,2025-07-13 00:01:00,REGULAR
804,Kimberly Smith,iwagner@example.com,2025-11-01 14:57:00,REGULAR
805,Samuel Ramos,hbeard@example.com,2023-08-26 22:58:00,REGULAR
806,Carly Jordan,angeladalton@example.com,2024-06-24 21:36:00,PREMIUM
807,Mary Jennings,hfreeman@example.net,2025-04-05 12:20:00,REGULAR
808,Dennis Garza,khart@example.net,2024-09-04 11:49:00,REGULAR
809,Andrew Hood,katie45@example.org,2024-08-03 19:16:00,REGULAR
810,Gregory Howard,hubbardcolleen@example.com,2024-08-06 10:11:00,VIP
811,Michael Melton,johnwong@example.net,2023-11-20 23:02:00,PREMIUM
812,Jenny Robertson,andrewnguyen@example.com,2024-10-22 00:27:00,REGULAR
813,James Armstrong,dominguezbrianna@example.com,2025-12-20 05:33:00,PREMIUM
814,Pamela Morgan,vazquezjamie@example.com,2025-05-22 05:03:00,REGULAR
815,Rachel Pittman,tara37@example.net,2025-02-24 15:44:00,PREMIUM
816,Lori Rubio,joseph49@example.com,2025-09-11 22:30:00,REGULAR
817,Karen Clark,vargasjoshua@example.net,2025-12-06 08:14:00,PREMIUM
818,Christina Morales,william46@example.net,2025-06-02 07:36:00,REGULAR
819,Lori Black,jpowers@example.org,2024-02-07 22:13:00,VIP
820,Mark Lamb,vlewis@example.com,2026-02-06 22:25:00,PREMIUM
821,Curtis Ford,umichael@example.net,2024-04-06 21:56:00,REGULAR
822,Sarah Adams,megan65@example.org,2024-05-28 01:15:00,REGULAR
823,Chris Johnson,jonathanburke@example.com,2025-12-07 20:52:00,REGULAR
824,Amanda Moore,steven86@example.com,2023-12-15 00:31:00,REGULAR
825,Amanda Sharp,kristine48@example.org,2025-11-21 15:23:00,REGULAR
826,Arthur Friedman,heathchristopher@example.net,2026-03-27 03:27:00,REGULAR
827,Kenneth Mason,sandersmary@example.org,2023-11-27 17:20:00,REGULAR
828,Robert Murphy,tyler13@example.net,2025-04-18 18:57:00,PREMIUM
829,Claudia Rodriguez,vshaffer@example.org,2024-03-09 03:14:00,PREMIUM
830,James Fry MD,scott49@example.org,2024-10-24 21:03:00,REGULAR
831,Mike Underwood,sylviasuarez@example.org,2023-08-10 14:57:00,VIP
832,Rachel Allen,skinnereileen@example.org,2025-03-15 04:00:00,REGULAR
833,Shannon Price,danielle51@example.net,2026-04-10 09:44:00,PREMIUM
834,Rodney Young,qpennington@example.com,2024-03-05 01:21:00,PREMIUM
835,Andrew Delacruz,ruthwelch@example.net,2026-01-05 12:37:00,REGULAR
836,Sherri Wilkins,aruiz@example.com,2026-01-06 20:15:00,PREMIUM
837,Kimberly Murphy,william56@example.net,2025-08-18 06:54:00,REGULAR
838,Brandy Morales,davidsonisaiah@example.com,2025-06-05 23:14:00,REGULAR
839,Tracy Rivas,barbara12@example.org,2025-10-31 17:52:00,REGULAR
840,Nicholas Green,usparks@example.com,2025-08-09 19:16:00,PREMIUM
841,James Bennett,lauren31@example.com,2026-01-18 02:33:00,REGULAR
842,Lori Meadows,andrewjohnson@example.net,2026-06-19 21:40:00,REGULAR
843,Jeffrey Green,josechristian@example.org,2023-10-24 02:50:00,REGULAR
844,Jessica Mora,george91@example.org,2024-11-26 16:02:00,REGULAR
845,Scott Casey,twilson@example.org,2024-05-29 01:22:00,REGULAR
846,Whitney Campbell,breyes@example.org,2025-07-29 12:59:00,REGULAR
847,William Young,ywhite@example.org,2024-11-23 16:13:00,REGULAR
848,John Savage,mikesutton@example.com,2026-06-20 04:48:00,REGULAR
849,Nancy Scott,tmcdaniel@example.com,2023-10-30 22:21:00,PREMIUM
850,Yesenia Crosby,williamssarah@example.com,2026-06-12 07:45:00,REGULAR
851,James Wood,smithwilliam@example.com,2026-06-13 06:03:00,PREMIUM
852,Gerald Mcdonald Jr.,carpenterjorge@example.net,2025-09-03 18:33:00,VIP
853,Carl Savage,hthomas@example.com,2026-01-18 05:50:00,REGULAR
854,Tammy Black,sara44@example.net,2024-11-07 00:28:00,PREMIUM
855,Unknown,leslievang@example.org,2025-03-18 09:29:00,REGULAR
856,Andrew Green,jbrown@example.org,2025-08-30 01:40:00,PREMIUM
857,William Hoffman,fwilsonexample.org,2024-12-01 02:36:00,PREMIUM
858,Dalton Mitchell,singletonmichelle@example.org,2026-01-18 09:46:00,REGULAR
859,Mrs. Pamela White DVM,anna93@example.net,2024-04-13 06:02:00,PREMIUM
860,William Martinez,vrhodes@example.org,2024-08-30 20:19:00,PREMIUM
861,Michael Castillo,hooderic@example.org,2025-06-06 00:50:00,PREMIUM
862,Tiffany Nguyen,brooke05@example.org,2025-09-27 02:24:00,REGULAR
863,Unknown,jasonwilliams@example.net,2024-05-23 13:41:00,PREMIUM
864,James Thompson,manningamy@example.net,2026-06-09 22:56:00,PREMIUM
865,James Holland,ndavis@example.org,2026-05-29 07:44:00,PREMIUM
866,Tammy Mckee,davidhenry@example.com,2025-05-09 19:31:00,REGULAR
867,Stephen Alvarez MD,elizabeth58@example.org,2024-10-24 02:22:00,REGULAR
868,Jeffery Williams,nshepherd@example.org,2024-07-26 23:43:00,REGULAR
869,Tara Rose,prhodes@example.net,2025-06-26 17:01:00,REGULAR
870,William Sutton,robertssamuel@example.com,2024-06-11 16:41:00,PREMIUM
871,Sylvia Palmer,alexandraphillips@example.org,2025-01-28 01:30:00,PREMIUM
872,Dawn Scott,qdavis@example.net,2023-10-16 03:04:00,REGULAR
873,Sarah Williams,wilsondorothy@example.org,2024-10-16 15:02:00,REGULAR
874,Gloria Hull,lee77@example.net,2025-12-22 01:43:00,REGULAR
875,Michael Hamilton,jacobburgess@example.net,2023-08-07 03:53:00,REGULAR
876,Michael Melton,kwilson@example.net,2026-06-10 18:46:00,VIP
877,Tracey Leonard,nturner@example.com,2025-12-16 04:37:00,PREMIUM
878,Melissa Lopez,martinezalexander@example.org,2023-08-16 21:56:00,PREMIUM
879,Mark Tyler,pwong@example.org,2024-02-12 17:17:00,PREMIUM
880,Christopher Hernandez,kayla27example.com,2025-08-26 09:11:00,REGULAR
881,Edward Gallegos,cruiz@example.net,2024-09-19 18:17:00,PREMIUM
882,Linda Spencer,alan66@example.com,2024-06-01 03:20:00,REGULAR
883,Taylor Stein,gross@example.net,2026-02-23 05:11:00,REGULAR
884,Kristen Adams,jenniferrice@example.com,2025-06-27 21:17:00,REGULAR
885,Michael Smith,nwilson@example.net,2024-05-29 02:39:00,REGULAR
886,Terry Morgan,taylorkim@example.net,2025-05-08 06:21:00,REGULAR
887,Toni Whitaker,sanderson@example.net,2025-07-25 01:39:00,PREMIUM
888,Paul Estrada,laura29@example.org,2023-12-06 23:39:00,PREMIUM
889,Katherine Young,ericvasquez@example.com,2025-03-19 15:53:00,REGULAR
890,Ronald Kline,howardjose@example.net,2023-08-22 13:29:00,PREMIUM
891,Danny Scott,morgandaniel@example.org,2024-07-25 10:22:00,PREMIUM
892,Shelly Munoz,kayla84@example.org,2023-11-09 15:25:00,PREMIUM
893,Nicole Villegas,housesamuel@example.com,2025-11-21 00:05:00,REGULAR
894,Bruce Harris,colonbobby@example.org,2024-08-17 18:52:00,REGULAR
895,Brittany Cox,jean87@example.net,2026-01-01 02:27:00,REGULAR
896,Adriana Davenport,allisonscott@example.com,2024-12-18 12:49:00,REGULAR
897,Jennifer Soto,william14@example.com,2024-04-12 11:27:00,REGULAR
898,Jason Ellis,icobb@example.com,2026-02-06 12:18:00,REGULAR
899,Kelly Jones,sherry72@example.org,2024-07-23 05:13:00,REGULAR
900,Peter Keller,kholden@example.com,2025-06-20 09:34:00,REGULAR
901,Valerie Barnes,levinetina@example.net,2026-03-15 02:26:00,PREMIUM
902,Stephanie Bishop,jennifer55@example.org,2023-12-26 10:49:00,REGULAR
903,Lisa Ramos,ngriffin@example.net,2024-07-30 19:55:00,REGULAR
904,George Hardy,trowe@example.org,2025-10-06 10:07:00,VIP
905,Juan Boyd,abigailfernandez@example.org,2025-10-25 01:01:00,VIP
906,Daisy Schroeder,andrewzamora@example.net,2025-09-21 13:58:00,REGULAR
907,Heather Williams,dennismckenzie@example.com,2025-06-30 19:18:00,REGULAR
908,William Trujillo,westashley@example.org,2026-07-06 04:46:00,REGULAR
909,Brenda Gray,michaelmitchell@example.net,2025-10-03 15:20:00,PREMIUM
910,Charles Simmons,murphybrandi@example.com,2024-10-12 00:38:00,REGULAR
911,Blake Rhodes,brownpamela@example.com,2024-10-01 20:05:00,PREMIUM
912,Whitney Barker,lwiggins@example.com,2026-05-22 01:51:00,REGULAR
913,Michael Anderson,jcolon@example.net,2025-08-28 11:50:00,REGULAR
914,Terry Wood,bensonstanley@example.org,2026-05-26 11:05:00,REGULAR
915,Joseph Wilson,xrodriguez@example.net,2024-06-16 15:27:00,REGULAR
916,Kevin Williams,kevin70@example.org,2026-03-24 09:11:00,REGULAR
917,Andrea Williams,jason70example.org,2024-12-26 18:23:00,REGULAR
918,Sandra Anderson,ariel56@example.com,2023-12-17 07:31:00,PREMIUM
919,Unknown,qgill@example.com,2023-12-28 18:36:00,PREMIUM
920,Steven Morgan,christopher99@example.com,2023-09-06 17:41:00,REGULAR
921,Michelle Armstrong,pfitzgerald@example.org,2025-12-06 21:34:00,REGULAR
922,Luke Ray,ann18@example.org,2023-09-14 11:13:00,PREMIUM
923,Timothy White,karenshaw@example.org,2023-08-08 07:43:00,PREMIUM
924,Robert Lawson,johnthornton@example.net,2024-09-30 18:57:00,REGULAR
925,Jason Heath,henrysarah@example.com,2024-06-30 07:03:00,REGULAR
926,Clayton Tate,christopher18@example.org,2024-01-03 12:31:00,REGULAR
927,Catherine Reeves,dgregory@example.net,2024-06-09 01:59:00,VIP
928,Todd Lam,floresrobert@example.com,2023-09-13 09:01:00,REGULAR
929,Kathy Avery,karenwillis@example.com,2024-05-08 14:17:00,PREMIUM
930,Mark Mcintyre,steven61@example.com,2023-08-07 22:29:00,REGULAR
931,Jason Miller,sanchezangela@example.org,2025-06-14 04:32:00,REGULAR
932,Dr. Kimberly Henderson,kristathomas@example.net,2026-04-12 06:32:00,REGULAR
933,William Smith,dwilliams@example.net,2026-05-06 09:27:00,VIP
934,Gregory Chen,qnelson@example.net,2025-04-19 16:51:00,REGULAR
935,James Martinez,brandon89@example.org,2023-12-18 13:11:00,PREMIUM
936,Emily Fleming,natalie39@example.net,2024-07-27 23:08:00,REGULAR
937,Erica Clark,tiffany74@example.org,2026-06-03 07:39:00,REGULAR
938,Steven Chambers,allen20@example.net,2024-10-13 05:49:00,REGULAR
939,Mariah Jones,ifarmer@example.org,2023-08-21 10:36:00,VIP
940,Heather Thompson,wchambers@example.com,2025-11-06 00:10:00,REGULAR
941,Daniel Smith,martinezmitchell@example.org,2024-05-21 13:50:00,REGULAR
942,William Coffey,james94@example.net,2023-08-27 20:24:00,REGULAR
943,Craig Nicholson,tconway@example.net,2024-09-24 12:45:00,REGULAR
944,Patrick Chambers,ashley72@example.net,2025-05-09 05:18:00,PREMIUM
945,Timothy Foley,cameronanderson@example.org,2026-03-09 20:45:00,REGULAR
946,Justin Gibson,james08@example.net,2026-05-11 04:43:00,REGULAR
947,Michael Owens,nashmarcus@example.com,2024-08-17 14:29:00,REGULAR
948,Kim Stewart,stephensonjeffrey@example.com,2024-09-19 21:35:00,REGULAR
949,Michael Rosario,christopher90@example.net,2026-04-18 07:14:00,REGULAR
950,Alyssa Reynolds,frankcollins@example.net,2023-08-13 20:31:00,REGULAR
951,Glen Brown,mary31@example.com,2024-07-18 01:14:00,REGULAR
952,Brendan Griffin,sherryparsons@example.net,2023-12-02 07:21:00,REGULAR
953,Cameron Ellison,rangelnicholas@example.net,2024-11-13 18:01:00,PREMIUM
954,Kristin Phillips,cheryl61@example.org,2024-09-08 12:00:00,REGULAR
955,Lori Chavez,williamsonrobert@example.net,2024-12-08 04:12:00,REGULAR
956,Timothy Logan,nhobbs@example.org,2024-11-27 01:44:00,PREMIUM
957,Andrea Clarke,briana11@example.org,2024-02-15 16:18:00,PREMIUM
958,Mr. Cody Taylor,danascott@example.com,2023-09-04 19:42:00,PREMIUM
959,Emily Mcclure,larrygraham@example.net,2025-11-14 06:11:00,REGULAR
960,Adam Willis,terrancemorrison@example.com,2025-07-30 18:13:00,REGULAR
961,Jennifer Gonzalez,younglori@example.net,2024-02-23 02:00:00,REGULAR
962,Michael Mcdonald,kristenpeterson@example.net,2025-08-15 05:21:00,REGULAR
963,Shawn Lozano,christina65@example.org,2025-01-11 22:23:00,PREMIUM
964,Cynthia Navarro,fowlerheather@example.com,2026-05-27 07:14:00,REGULAR
965,William Cox,lindsay63@example.com,2023-10-07 07:41:00,PREMIUM
966,Kevin Cannon,spencerdouglas@example.com,2023-09-04 15:20:00,VIP
967,Michelle Morgan,gonzalezjustin@example.org,2025-03-17 02:44:00,PREMIUM
968,Alisha Byrd,jamesthompson@example.com,2024-09-05 17:24:00,PREMIUM
969,Robert Guerrero,morganjason@example.com,2026-05-14 18:45:00,PREMIUM
970,Thomas Norton,ejohns@example.org,2024-02-13 13:27:00,REGULAR
971,Mark Mccall,ubenson@example.net,2025-10-31 15:45:00,REGULAR
972,Anthony Flynn,melissaphillips@example.org,2026-02-28 22:23:00,VIP
973,Lisa Jackson,fclark@example.com,2024-09-15 19:09:00,REGULAR
974,Kelly Webb,victor72@example.com,2026-05-30 18:26:00,REGULAR
975,Lauren Johnson,zadams@example.net,2024-03-15 01:42:00,REGULAR
976,Stephen Duncan,shannonyoung@example.org,2026-05-08 13:50:00,REGULAR
977,Joseph Hall,jonathan12@example.org,2023-09-01 14:42:00,PREMIUM
978,Jonathan Nelson,ronald76@example.com,2023-08-14 14:47:00,REGULAR
979,Bradley Kirby,phall@example.org,2025-01-30 09:46:00,PREMIUM
980,Isaac Payne,hartmansara@example.org,2024-07-18 05:41:00,REGULAR
981,Brenda Wyatt,john43@example.net,2025-09-10 06:29:00,REGULAR
982,Jennifer Sullivan,alan44@example.com,2025-04-13 23:58:00,REGULAR
983,Crystal Cummings,kennedywilliam@example.org,2024-03-04 11:54:00,VIP
984,Julia Conner,zacharyhartman@example.com,2024-06-25 13:46:00,VIP
985,Jerry Hansen,roymcmahon@example.com,2024-09-01 02:21:00,PREMIUM
986,Sandra Morgan,kevinrojas@example.com,2024-10-19 19:11:00,REGULAR
987,Kevin Bradley,sfarmer@example.net,2023-08-22 19:46:00,REGULAR
988,Rebecca Mcintyre,ericcisneros@example.com,2025-04-07 08:12:00,VIP
989,James Wells,nbaird@example.com,2024-07-12 20:23:00,VIP
990,Michael Thompson,tfowler@example.org,2026-01-09 02:48:00,VIP
991,Jasmin Harris,mjohnson@example.org,2024-06-01 12:02:00,REGULAR
992,Scott Jenkins,gibsonmiguel@example.org,2024-01-06 14:22:00,PREMIUM
993,Troy Glenn,andersonrobert@example.net,2023-12-07 21:37:00,REGULAR
994,Larry Crosby,kylemeyers@example.net,2025-04-22 06:12:00,PREMIUM
995,Roger Jacobs,ahill@example.org,2024-04-13 23:59:00,REGULAR
996,Nancy Roberts,renee77@example.com,2026-03-09 20:30:00,REGULAR
997,Rodney Horn,treed@example.com,2024-10-15 07:31:00,REGULAR
998,Matthew Hale,rachelquinn@example.com,2023-10-31 05:03:00,VIP
999,Kimberly Estrada,allenmonica@example.com,2023-09-29 15:56:00,REGULAR
1000,Jacob Campos,reginajenkins@example.net,2025-01-21 04:58:00,REGULAR
508,Jesse Williams,aprilmoody@example.com,2026-06-26 23:36:00,REGULAR
819,Lori Black,jpowers@example.org,2024-02-07 22:13:00,VIP
453,Ryan Grant,timothyalvarado@example.net,2026-07-04 20:59:00,PREMIUM
369,Richard Walker,laradonald@example.org,2024-02-20 15:07:00,PREMIUM
243,James Griffin,tinawoods@example.org,2024-05-06 01:59:00,REGULAR
930,Mark Mcintyre,steven61@example.com,2023-08-07 22:29:00,REGULAR
263,Paul Wells,heather62@example.com,2026-02-03 04:07:00,REGULAR
811,Michael Melton,johnwong@example.net,2023-11-20 23:02:00,PREMIUM
319,Krystal Barton,hillamanda@example.org,2025-01-11 06:09:00,REGULAR
50,Mary Martinez,qjones@example.com,2026-03-30 17:32:00,REGULAR
447,Robert White,rfriedman@example.net,2024-09-29 16:07:00,REGULAR
143,Unknown,daviscolin@example.net,2024-08-29 20:21:00,PREMIUM
969,Robert Guerrero,morganjason@example.com,2026-05-14 18:45:00,PREMIUM
346,Eric Dixon,davidsonamanda@example.org,2024-02-26 04:18:00,REGULAR
972,Anthony Flynn,melissaphillips@example.org,2026-02-28 22:23:00,VIP
134,Linda Ramirez,lisahall@example.org,2026-06-30 18:01:00,REGULAR
105,John Cook,mary97@example.org,2025-10-31 10:14:00,PREMIUM
7,Unknown,jamesshawn@example.com,2024-01-12 18:07:00,PREMIUM
601,Misty Mcguire,christopher69@example.org,2024-01-23 23:37:00,REGULAR
497,Danielle Gonzalez,enewman@example.com,2025-04-14 16:51:00,PREMIUM
